{"cameraMode":{"drawMode":0,"name":"Shaded","section":"Shading Mode"},"sceneLighting":true,"audioPlay":false,"sceneViewState":{"m_AlwaysRefresh":false,"showFog":true,"showSkybox":true,"showFlares":true,"showImageEffects":true,"showParticleSystems":true,"showVisualEffectGraphs":true,"m_FxEnabled":true},"in2DMode":false,"pivot":{"x":26.371326446533204,"y":-137.51913452148438,"z":-173.0793914794922},"rotation":{"x":0.021259061992168428,"y":0.9498881101608276,"z":-0.3047972023487091,"w":0.06622881442308426},"size":125.57374572753906,"orthographic":false}